1,,,,REGION I (Ilocos Region)
1.28,,,1st ,ILOCOS NORTE
1.28.1,1st,,5th ,ADAMS
1.28.2,1st,,3rd ,BACARRA
1.28.3,2nd,,3rd ,BADOC
1.28.4,1st,,4th ,BANGUI
1.28.5,2nd,,1st,CITY OF BATAC
1.28.6,1st,,5th ,BURGOS
1.28.7,1st,,5th ,CARASI
1.28.8,2nd,,5th ,CURRIMAO
1.28.9,2nd,,3rd ,DINGRAS
1.28.10,1st,,5th ,DUMALNEG
1.28.11,2nd,,4th ,BANNA (ESPIRITU)
1.28.12,1st,CC,3rd ,LAOAG CITY (Capital)
1.28.13,2nd,,4th ,MARCOS
1.28.14,2nd,,4th ,NUEVA ERA
1.28.15,1st,,4th ,PAGUDPUD
1.28.16,2nd,,4th ,PAOAY
1.28.17,1st,,4th ,PASUQUIN
1.28.18,1st,,4th ,PIDDIG
1.28.19,2nd,,4th ,PINILI
1.28.20,2nd,,3rd ,SAN NICOLAS
1.28.21,1st,,4th ,SARRAT
1.28.22,2nd,,4th ,SOLSONA
1.28.23,1st,,2nd ,VINTAR
1.29,,,1st ,ILOCOS SUR
1.29.1,2nd,,4th ,ALILEM
1.29.2,2nd,,5th ,BANAYOYO
1.29.3,1st,,4th ,BANTAY
1.29.4,2nd,,4th ,BURGOS
1.29.5,1st,,2nd ,CABUGAO
1.29.6,2nd,CC,4th ,CITY OF CANDON
1.29.7,1st,,5th ,CAOAYAN
1.29.8,2nd,,4th ,CERVANTES
1.29.9,2nd,,4th ,GALIMUYOD
1.29.10,2nd,,-,GREGORIO DEL PILAR (CONCEPCION)
1.29.11,2nd,,5th ,LIDLIDDA
1.29.12,1st,,3rd ,MAGSINGAL
1.29.13,2nd,,5th ,NAGBUKEL
1.29.14,2nd,,2nd ,NARVACAN
1.29.15,2nd,,4th ,QUIRINO (ANGKAKI)
1.29.16,2nd,,4th ,SALCEDO (BAUGEN)
1.29.17,2nd,,4th ,SAN EMILIO
1.29.18,2nd,,5th ,SAN ESTEBAN
1.29.19,1st,,5th ,SAN ILDEFONSO
1.29.20,1st,,4th ,SAN JUAN (LAPOG)
1.29.21,1st,,4th ,SAN VICENTE
1.29.22,2nd,,4th ,SANTA
1.29.23,1st,,5th ,SANTA CATALINA
1.29.24,2nd,,3rd ,SANTA CRUZ
1.29.25,2nd,,3rd ,SANTA LUCIA
1.29.26,2nd,,4th ,SANTA MARIA
1.29.27,2nd,,5th ,SANTIAGO
1.29.28,1st,,4th ,SANTO DOMINGO
1.29.29,2nd,,5th ,SIGAY
1.29.30,1st,,3rd ,SINAIT
1.29.31,2nd,,5th ,SUGPON
1.29.32,2nd,,4th ,SUYO
1.29.33,2nd,,3rd ,TAGUDIN
1.29.34,1st,CC,5th ,CITY OF VIGAN (Capital)
1.33,,,1st ,LA UNION
1.33.1,2nd,,1st ,AGOO
1.33.2,2nd,,3rd ,ARINGAY
1.33.3,1st,,2nd ,BACNOTAN
1.33.4,2nd,,5th ,BAGULIN
1.33.5,1st,,2nd ,BALAOAN
1.33.6,1st,,3rd ,BANGAR
1.33.7,2nd,,1st ,BAUANG
1.33.8,2nd,,5th ,BURGOS
1.33.9,2nd,,4th ,CABA
1.33.10,1st,,4th ,LUNA
1.33.11,2nd,,1st ,NAGUILIAN
1.33.12,2nd,,5th ,PUGO
1.33.13,2nd,,2nd ,ROSARIO
1.33.14,1st,CC,3rd ,ta
1.33.15,1st,,5th ,SAN GABRIEL
1.33.16,1st,,3rd ,SAN JUAN
1.33.17,2nd,,4th ,SANTO TOMAS
1.33.18,1st,,4th ,SANTOL
1.33.19,1st,,4th ,SUDIPEN
1.33.20,2nd,,4th ,TUBAO
1.55,,,1st ,PANGASINAN
1.55.1,1st,,4th ,AGNO
1.55.2,2nd,,3rd ,AGUILAR
1.55.3,1st,CC,5th ,CITY OF ALAMINOS
1.55.4,5th,,4th ,ALCALA
1.55.5,1st,,4th ,ANDA
1.55.6,6th,,3rd ,ASINGAN
1.55.7,6th,,4th ,BALUNGAO
1.55.8,1st,,3rd ,BANI
1.55.9,2nd,,4th ,BASISTA
1.55.10,5th,,4th ,BAUTISTA
1.55.11,3rd,,1st ,BAYAMBANG
1.55.12,5th,,2nd ,BINALONAN
1.55.13,2nd,,2nd ,BINMALEY
1.55.14,1st,,3rd ,BOLINAO
1.55.15,2nd,,3rd ,BUGALLON
1.55.16,1st,,4th ,BURGOS
1.55.17,3rd,,-,CALASIAO
1.55.18,4th,CC,2nd ,DAGUPAN CITY
1.55.19,1st,,4th ,DASOL
1.55.20,1st,,4th ,INFANTA
1.55.21,2nd,,4th ,LABRADOR
1.55.22,2nd,,1st ,LINGAYEN (Capital)
1.55.23,1st,,4th ,MABINI
1.55.24,3rd,,1st ,MALASIQUI
1.55.25,4th,,2nd ,MANAOAG
1.55.26,4th,,1st ,MANGALDAN
1.55.27,2nd,,2nd ,MANGATAREM
1.55.28,3rd,,4th ,MAPANDAN
1.55.29,6th,,4th ,NATIVIDAD
1.55.30,5th,,2nd ,POZORRUBIO
1.55.31,6th,,2nd ,ROSALES
1.55.32,3rd,CC,3rd ,SAN CARLOS CITY
1.55.33,4th,,2nd ,SAN FABIAN
1.55.34,4th,,3rd ,SAN JACINTO
1.55.35,6th,,2nd ,SAN MANUEL
1.55.36,6th,,3rd ,SAN NICOLAS
1.55.37,6th,,4th ,SAN QUINTIN
1.55.38,3rd,,1st ,SANTA BARBARA
1.55.39,6th,,4th ,SANTA MARIA
1.55.40,5th,,5th ,SANTO TOMAS
1.55.41,5th,,3rd ,SISON
1.55.42,1st,,1st ,SUAL
1.55.43,6th,,3rd ,TAYUG
1.55.44,6th,,3rd ,UMINGAN
1.55.45,2nd,,3rd ,URBIZTONDO
1.55.46,5th,CC,2nd ,CITY OF URDANETA
1.55.47,5th,,2nd ,VILLASIS
1.55.48,5th,,4th ,LAOAC
2,,,,REGION II (Cagayan Valley)
2.9,,,5th ,BATANES
2.9.1,lone,,5th ,BASCO (Capital)
2.9.2,lone,,5th ,ITBAYAT
2.9.3,lone,,6th ,IVANA
2.9.4,lone,,6th ,MAHATAO
2.9.5,lone,,5th ,SABTANG
2.9.6,lone,,6th ,UYUGAN
2.15,,,1st ,CAGAYAN
2.15.1,2nd,,4th ,ABULUG
2.15.2,1st,,3rd ,ALCALA
2.15.3,2nd,,3rd ,ALLACAPAN
2.15.4,3rd,,3rd ,AMULUNG
2.15.5,1st,,1st ,APARRI
2.15.6,1st,,1st ,BAGGAO
2.15.7,2nd,,4th ,BALLESTEROS
2.15.8,1st,,4th ,BUGUEY
2.15.9,2nd,,3rd ,CALAYAN
2.15.10,1st,,4th ,CAMALANIUGAN
2.15.11,2nd,,3rd ,CLAVERIA
2.15.12,3rd,,4th ,ENRILE
2.15.13,1st,,1st ,GATTARAN
2.15.14,1st,,2nd ,GONZAGA
2.15.15,3rd,,4th ,IGUIG
2.15.16,1st,,2nd ,LAL-LO
2.15.17,2nd,,3rd ,LASAM
2.15.18,2nd,,4th ,PAMPLONA
2.15.19,3rd,,1st ,PEÑABLANCA
2.15.20,2nd,,4th ,PIAT
2.15.21,2nd,,5th ,RIZAL
2.15.22,2nd,,4th ,SANCHEZ-MIRA
2.15.23,1st,,3rd ,SANTA ANA
2.15.24,2nd,,5th ,SANTA PRAXEDES
2.15.25,1st,,4th ,SANTA TERESITA
2.15.26,2nd,,3rd ,SANTO NIÑO (FAIRE)
2.15.27,3rd,,2nd ,SOLANA
2.15.28,3rd,,2nd ,TUAO
2.15.29,3rd,CC,2nd ,TUGUEGARAO CITY (Capital)
2.31,,,1st ,ISABELA
2.31.1,3rd,,2nd ,ALICIA
2.31.2,3rd,,3rd ,ANGADANAN
2.31.3,2nd,,4th ,AURORA
2.31.4,2nd,,4th ,BENITO SOLIVEN
2.31.5,2nd,,5th ,BURGOS
2.31.6,1st,,2nd ,CABAGAN
2.31.7,3rd,,4th ,CABATUAN
2.31.8,3rd,CC,4th ,CITY OF CAUAYAN
2.31.9,4th,,3rd ,CORDON
2.31.10,4th,,-,DINAPIGUE
2.31.11,1st,,3rd ,DIVILACAN
2.31.12,4th,,1st ,ECHAGUE
2.31.13,2nd,,4th ,GAMU
2.31.14,1st,CC,-,ILAGAN CITY(Capital)
2.31.15,4th,,2nd ,JONES
2.31.16,3rd,,5th ,LUNA
2.31.17,1st,,4th ,MACONACON
2.31.18,1st,,4th ,DELFIN ALBANO (MAGSAYSAY)
2.31.19,2nd,,4th ,MALLIG
2.31.20,2nd,,4th ,NAGUILIAN
2.31.21,1st,,2nd ,PALANAN
2.31.22,2nd,,4th ,QUEZON
2.31.23,2nd,,4th ,QUIRINO
2.31.24,4th,,3rd ,RAMON
2.31.25,3rd,,5th ,REINA MERCEDES
2.31.26,2nd,,2nd ,ROXAS
2.31.27,4th,,-,SAN AGUSTIN
2.31.28,3rd,,4th ,SAN GUILLERMO
2.31.29,4th,,-,SAN ISIDRO
2.31.30,2nd,,-,SAN MANUEL
2.31.31,2nd,,1st ,SAN MARIANO
2.31.32,3rd,,2nd ,SAN MATEO
2.31.33,1st,,3rd ,SAN PABLO
2.31.34,1st,,4th ,SANTA MARIA
2.31.35,4th,ICC,1st ,CITY OF SANTIAGO
2.31.36,1st,,4th ,SANTO TOMAS
2.31.37,1st,,1st ,TUMAUINI
2.50,,,2nd ,NUEVA VIZCAYA
2.50.1,lone,,5th ,AMBAGUIO
2.50.2,lone,,2nd ,ARITAO
2.50.3,lone,,3rd ,BAGABAG
2.50.4,lone,,2nd ,BAMBANG
2.50.5,lone,,2nd ,BAYOMBONG (Capital)
2.50.6,lone,,4th ,DIADI
2.50.7,lone,,3rd ,DUPAX DEL NORTE
2.50.8,lone,,3rd ,DUPAX DEL SUR
2.50.9,lone,,3rd ,KASIBU
2.50.10,lone,,3rd ,KAYAPA
2.50.11,lone,,4th ,QUEZON
2.50.12,lone,,4th ,SANTA FE
2.50.13,lone,,3st ,SOLANO
2.50.14,lone,,5th ,VILLAVERDE
2.50.15,lone,,4th ,ALFONSO CASTANEDA
2.57,,,3rd ,QUIRINO
2.57.1,lone,,4th ,AGLIPAY
2.57.2,lone,,3rd ,CABARROGUIS (Capital)
2.57.3,lone,,3rd ,DIFFUN
2.57.4,lone,,1st ,MADDELA
2.57.5,lone,,-,SAGUDAY
2.57.6,lone,,-,NAGTIPUNAN
3,,,,REGION III (Central Luzon)
3.8,,,1st ,BATAAN
3.8.1,1st,,3rd ,ABUCAY
3.8.2,2nd,,4th ,BAGAC
3.8.3,2nd,CC,4th ,CITY OF BALANGA (Capital)
3.8.4,1st,,1st ,DINALUPIHAN
3.8.5,1st,,2nd ,HERMOSA
3.8.6,2nd,,1st ,LIMAY
3.8.7,2nd,,1st ,MARIVELES
3.8.8,1st,,4th ,MORONG
3.8.9,1st,,1st ,ORANI
3.8.10,2nd,,3rd ,ORION
3.8.11,2nd,,4th ,PILAR
3.8.12,1st,,4th ,SAMAL
3.14,,,1st ,BULACAN
3.14.1,3rd,,2nd ,ANGAT
3.14.2,2nd,,1st ,BALAGTAS (BIGAA)
3.14.3,2nd,,1st ,BALIUAG
3.14.4,2nd,,1st ,BOCAUE
3.14.5,1st,,2nd ,BULACAN
3.14.6,2nd,,3rd ,BUSTOS
3.14.7,1st,,1st ,CALUMPIT
3.14.8,2nd,,1st ,GUIGUINTO
3.14.9,1st,,1st ,HAGONOY
3.14.10,1st,CC,4th ,CITY OF MALOLOS (Capital)
3.14.11,4th,,1st ,MARILAO
3.14.12,4th,CC,-,CITY OF MEYCAUAYAN
3.14.13,3rd,,1st ,NORZAGARAY
3.14.14,4th,,2nd ,OBANDO
3.14.15,2nd,,3rd ,PANDI
3.14.16,1st,,3rd ,PAOMBONG
3.14.17,2nd,,1st ,PLARIDEL
3.14.18,1st,,1st ,PULILAN
3.14.19,3rd,,1st ,SAN ILDEFONSO
3.14.20,lone,CC,2nd ,CITY OF SAN JOSE DEL MONTE
3.14.21,3rd,,1st ,SAN MIGUEL
3.14.22,3rd,,2nd ,SAN RAFAEL
3.14.23,4th,,1st ,SANTA MARIA
3.14.24,3rd,,2nd ,DOÑA REMEDIOS TRINIDAD
3.49,,,1st ,NUEVA ECIJA
3.49.1,1st,,3rd ,ALIAGA
3.49.2,3rd,,3rd ,BONGABON
3.49.3,3rd,CC,1st ,CABANATUAN CITY
3.49.4,4th,,2nd ,CABIAO
3.49.5,2nd,,2nd ,CARRANGLAN
3.49.6,1st,,2nd ,CUYAPO
3.49.7,3rd,,4th ,GABALDON (BITULOK & SABANI)
3.49.8,4th,CC,4th ,CITY OF GAPAN
3.49.9,3rd,,4th ,GENERAL MAMERTO NATIVIDAD
3.49.10,4th,,2nd ,GENERAL TINIO (PAPAYA)
3.49.11,1st,,1st ,GUIMBA
3.49.12,4th,,3rd ,JAEN
3.49.13,3rd,,3rd ,LAUR
3.49.14,1st,,-,LICAB
3.49.15,2nd,,4th ,LLANERA
3.49.16,2nd,,4th ,LUPAO
3.49.17,2nd,CC,5th ,SCIENCE CITY OF MUÑOZ
3.49.18,1st,,-,NAMPICUAN
3.49.19,3rd,CC,5th ,PALAYAN CITY (Capital)
3.49.20,2nd,,-,PANTABANGAN
3.49.21,4th,,4th ,PEÑARANDA
3.49.22,1st,,4th ,QUEZON
3.49.23,2nd,,3rd ,RIZAL
3.49.24,4th,,2nd ,SAN ANTONIO
3.49.25,4th,,4th ,SAN ISIDRO
3.49.26,2nd,CC,3rd ,SAN JOSE CITY
3.49.27,4th,,2nd ,SAN LEONARDO
3.49.28,3rd,,2nd ,SANTA ROSA
3.49.29,1st,,3rd ,SANTO DOMINGO
3.49.30,1st,,1st ,TALAVERA
3.49.31,2nd,,4th ,TALUGTUG
3.49.32,1st,,4th ,ZARAGOZA
3.54,,,1st ,PAMPANGA
3.54.1,1st,HUC,1st ,ANGELES CITY
3.54.2,4th,,1st ,APALIT
3.54.3,3rd,,1st ,ARAYAT
3.54.4,3rd,,4th ,BACOLOR
3.54.5,4th,,1st ,CANDABA
3.54.6,2nd,,1st ,FLORIDABLANCA
3.54.7,2nd,,1st ,GUAGUA
3.54.8,2nd,,1st ,LUBAO
3.54.9,1st,CC,-,MABALACAT CITY
3.54.10,4th,,2nd ,MACABEBE
3.54.11,1st,,2nd ,MAGALANG
3.54.12,4th,,3rd ,MASANTOL
3.54.13,3rd,,1st ,MEXICO
3.54.14,4th,,4th ,MINALIN
3.54.15,2nd,,1st ,PORAC
3.54.16,3rd,CC,2nd ,CITY OF SAN FERNANDO (Capital)
3.54.17,4th,,4th ,SAN LUIS
3.54.18,4th,,3rd ,SAN SIMON
3.54.19,3rd,,4th ,SANTA ANA
3.54.20,2nd,,4th ,SANTA RITA
3.54.21,4th,,4th ,SANTO TOMAS
3.54.22,2nd,,-,SASMUAN (Sexmoan)
3.69,,,1st ,TARLAC
3.69.1,1st,,5th ,ANAO
3.69.2,3rd,,3rd ,BAMBAN
3.69.3,1st,,1st ,CAMILING
3.69.4,3rd,,1st ,CAPAS
3.69.5,3rd,,1st ,CONCEPCION
3.69.6,2nd,,2nd ,GERONA
3.69.7,3rd,,3rd ,LA PAZ
3.69.8,1st,,3rd ,MAYANTOC
3.69.9,1st,,2nd ,MONCADA
3.69.10,1st,,1st ,PANIQUI
3.69.11,1st,,5th ,PURA
3.69.12,1st,,5th ,RAMOS
3.69.13,1st,,5th ,SAN CLEMENTE
3.69.14,1st,,5th ,SAN MANUEL
3.69.15,1st,,3rd ,SANTA IGNACIA
3.69.16,2nd,CC,1st ,CITY OF TARLAC (Capital)
3.69.17,2nd,,3rd ,VICTORIA
3.69.18,2nd,,4th ,SAN JOSE
3.71,,,2nd ,ZAMBALES
3.71.1,2nd,,1st ,BOTOLAN
3.71.2,2nd,,4th ,CABANGAN
3.71.3,2nd,,3rd ,CANDELARIA
3.71.4,1st,,4th ,CASTILLEJOS
3.71.5,2nd,,3rd ,IBA (Capital)
3.71.6,2nd,,2nd ,MASINLOC
3.71.7,1st,HUC,1st ,OLONGAPO CITY
3.71.8,2nd,,3rd ,PALAUIG
3.71.9,2nd,,3rd ,SAN ANTONIO
3.71.10,2nd,,4th ,SAN FELIPE
3.71.11,1st,,3rd ,SAN MARCELINO
3.71.12,2nd,,4th ,SAN NARCISO
3.71.13,2nd,,2nd ,SANTA CRUZ
3.71.14,1st,,1st ,SUBIC
3.77,,,3rd ,AURORA
3.77.1,lone,,4th ,BALER (Capital)
3.77.2,lone,,-,CASIGURAN
3.77.3,lone,,4th ,DILASAG
3.77.4,lone,,4th ,DINALUNGAN
3.77.5,lone,,4th ,DINGALAN
3.77.6,lone,,3rd ,DIPACULAO
3.77.7,lone,,3rd ,MARIA AURORA
3.77.8,lone,,3rd ,SAN LUIS
4,,,,REGION IV-A (CALABARZON)
4.10,,,1st ,BATANGAS
4.10.1,3rd,,4th ,AGONCILLO
4.10.2,3rd,,5th ,ALITAGTAG
4.10.3,1st,,1st ,BALAYAN
4.10.4,3rd,,5th ,BALETE
4.10.5,2nd,CC,1st ,BATANGAS CITY (Capital)
4.10.6,2nd,,1st ,BAUAN
4.10.7,1st,,2nd ,CALACA
4.10.8,1st,,3rd ,CALATAGAN
4.10.9,3rd,,4th ,CUENCA
4.10.10,4th,,3rd ,IBAAN
4.10.11,3rd,,4th ,LAUREL
4.10.12,1st,,1st ,LEMERY
4.10.13,1st,,3rd ,LIAN
4.10.14,4th,CC,1st ,LIPA CITY
4.10.15,2nd,,3rd ,LOBO
4.10.16,2nd,,2nd ,MABINI
4.10.17,3rd,,4th ,MALVAR
4.10.18,3rd,,5th ,MATAASNAKAHOY
4.10.19,1st,,1st ,NASUGBU
4.10.20,4th,,3rd ,PADRE GARCIA
4.10.21,4th,,1st ,ROSARIO
4.10.22,4th,,2nd ,SAN JOSE
4.10.23,4th,,1st ,SAN JUAN
4.10.24,2nd,,4th ,SAN LUIS
4.10.25,3rd,,5th ,SAN NICOLAS
4.10.26,2nd,,1st ,SAN PASCUAL
4.10.27,3rd,,5th ,SANTA TERESITA
4.10.28,3rd,,1st ,SANTO TOMAS
4.10.29,1st,,3rd ,TAAL
4.10.30,3rd,,4th ,TALISAY
4.10.31,3rd,CC,3rd ,CITY OF TANAUAN
4.10.32,4th,,2nd ,TAYSAN
4.10.33,2nd,,5th ,TINGLOY
4.10.34,1st,,4th ,TUY
4.21,,,1st ,CAVITE
4.21.1,7th,,2nd ,ALFONSO
4.21.2,6th,,4th ,AMADEO
4.21.3,2nd,,1st ,BACOOR CITY
4.21.4,5th,,1st ,CARMONA
4.21.5,1st,CC,4th ,CAVITE CITY
4.21.6,4th,CC,-,CITY OF DASMARIÑAS
4.21.7,7th,,5th ,GENERAL EMILIO AGUINALDO
4.21.8,6th,,1st ,GENERAL TRIAS
4.21.9,3rd,,1st ,IMUS CITY
4.21.10,7th,,3rd ,INDANG
4.21.11,1st,,1st ,KAWIT
4.21.12,7th,,5th ,MAGALLANES
4.21.13,7th,,4th ,MARAGONDON
4.21.14,7th,,4th ,MENDEZ (MENDEZ-NUÑEZ)
4.21.15,7th,,1st ,NAIC
4.21.16,1st,,3rd ,NOVELETA
4.21.17,1st,,1st ,ROSARIO
4.21.18,5th,,1st ,SILANG
4.21.19,7th,CC,3rd ,TAGAYTAY CITY
4.21.20,6th,,1st ,TANZA
4.21.21,7th,,4th ,TERNATE
4.21.22,6th,CC,4th ,TRECE MARTIRES CITY (Capital)
4.21.23,5th,,1st ,GEN. MARIANO ALVAREZ
4.34,,,1st ,LAGUNA
4.34.1,3rd,,3rd ,ALAMINOS
4.34.2,2nd,,3rd ,BAY
4.34.3,1st,CC,-,CITY OF BIÑAN
4.34.4,2nd,CC,-,CABUYAO CITY
4.34.5,2nd,CC,1st ,CITY OF CALAMBA
4.34.6,3rd,,3rd ,CALAUAN
4.34.7,4th,,4th ,CAVINTI
4.34.8,4th,,5th ,FAMY
4.34.9,4th,,4th ,KALAYAAN
4.34.10,3rd,,4th ,LILIW
4.34.11,2nd,,1st ,LOS BAÑOS
4.34.12,4th,,4th ,LUISIANA
4.34.13,4th,,4th ,LUMBAN
4.34.14,4th,,5th ,MABITAC
4.34.15,4th,,5th ,MAGDALENA
4.34.16,4th,,-,MAJAYJAY
4.34.17,3rd,,3rd ,NAGCARLAN
4.34.18,4th,,4th ,PAETE
4.34.19,4th,,4th ,PAGSANJAN
4.34.20,4th,,5th ,PAKIL
4.34.21,4th,,4th ,PANGIL
4.34.22,4th,,4th ,PILA
4.34.23,3rd,,5th ,RIZAL
4.34.24,3rd,CC,1st ,SAN PABLO CITY
4.34.25,1st,,1st ,SAN PEDRO
4.34.26,4th,,1st ,SANTA CRUZ (Capital)
4.34.27,4th,,4th ,SANTA MARIA
4.34.28,1st,CC,1st ,CITY OF SANTA ROSA
4.34.29,4th,,3rd ,SINILOAN
4.34.30,3rd,,4th ,VICTORIA
4.56,,,1st ,QUEZON
4.56.1,3rd,,5th ,AGDANGAN
4.56.2,4th,,5th ,ALABAT
4.56.3,4th,,2nd ,ATIMONAN
4.56.5,3rd,,4th ,BUENAVISTA
4.56.6,1st,,4th ,BURDEOS
4.56.7,4th,,2nd ,CALAUAG
4.56.8,2nd,,1st ,CANDELARIA
4.56.10,3rd,,2nd ,CATANAUAN
4.56.15,2nd,,4th ,DOLORES
4.56.16,3rd,,4th ,GENERAL LUNA
4.56.17,1st,,1st ,GENERAL NAKAR
4.56.18,4th,,3rd ,GUINAYANGAN
4.56.19,4th,,2nd ,GUMACA
4.56.20,1st,,2nd ,INFANTA
4.56.21,1st,,5th ,JOMALIG
4.56.22,4th,,1st ,LOPEZ
4.56.23,1st,,3rd  ,LUCBAN
4.56.24,2nd,HUC,2nd ,LUCENA CITY (Capital)
4.56.25,3rd,,4th ,MACALELON
4.56.27,1st,,1st ,MAUBAN
4.56.28,3rd,,2nd ,MULANAY
4.56.29,3rd,,5th ,PADRE BURGOS
4.56.30,1st,,1st ,PAGBILAO
4.56.31,1st,,5th ,PANUKULAN
4.56.32,1st,,-,PATNANUNGAN
4.56.33,4th,,-,PEREZ
4.56.34,3rd,,5th ,PITOGO
4.56.35,4th,,5th ,PLARIDEL
4.56.36,1st,,4th ,POLILLO
4.56.37,4th,,5th ,QUEZON
4.56.38,1st,,2nd ,REAL
4.56.39,1st,,5th ,SAMPALOC
4.56.40,3rd,,4th ,SAN ANDRES
4.56.41,2nd,,5th ,SAN ANTONIO
4.56.42,3rd,,3rd ,SAN FRANCISCO (AURORA)
4.56.44,3rd,,3rd ,SAN NARCISO
4.56.45,2nd,,1st ,SARIAYA
4.56.46,4th,,2nd ,TAGKAWAYAN
4.56.47,1st,,1st ,CITY OF TAYABAS
4.56.48,2nd,,2nd ,TIAONG
4.56.49,3rd,,4th ,UNISAN
4.58,,,1st ,RIZAL
4.58.1,1st,,1st ,ANGONO
4.58.2,2 LD,CC,1st ,CITY OF ANTIPOLO
4.58.3,2nd,,4th ,BARAS
4.58.4,1st,,1st ,BINANGONAN
4.58.5,1st,,1st ,CAINTA
4.58.6,2nd,,3rd ,CARDONA
4.58.7,2nd,,4th ,JALA-JALA
4.58.8,2nd,,1st ,CITY OF RODRIGUEZ (MONTALBAN)
4.58.9,2nd,,3rd ,MORONG
4.58.10,2nd,,2nd ,PILILLA
4.58.11,2nd,,1st ,SAN MATEO
4.58.12,2nd,,1st ,TANAY
4.58.13,1st,,1st ,TAYTAY
4.58.14,2nd,,3rd ,TERESA
5,,,,REGION V (Bicol Region)
5.5,,,1st ,ALBAY
5.5.1,1st,,2nd ,BACACAY
5.5.2,2nd,,2nd ,CAMALIG
5.5.3,2nd,,1st ,DARAGA (LOCSIN)
5.5.4,3rd,,1st ,GUINOBATAN
5.5.5,3rd,,5th ,JOVELLAR
5.5.6,2nd,CC,2nd ,LEGAZPI CITY (Capital)
5.5.7,3rd,,2nd ,LIBON
5.5.8,3rd,CC,4th ,CITY OF LIGAO
5.5.9,1st,,4th ,MALILIPOT
5.5.10,1st,,4th ,MALINAO
5.5.11,2nd,,4th ,MANITO
5.5.12,3rd,,2nd ,OAS
5.5.13,3rd,,3rd ,PIO DURAN
5.5.14,3rd,,1st ,POLANGUI
5.5.15,2nd,,4th ,RAPU-RAPU
5.5.16,1st,,4th ,SANTO DOMINGO (LIBOG)
5.5.17,1st,CC,4th ,CITY OF TABACO
5.5.18,1st,,2nd ,TIWI
5.16,,,2nd ,CAMARINES NORTE
5.16.1,2nd,,3rd ,BASUD
5.16.2,1st,,4th ,CAPALONGA
5.16.3,2nd,,1st ,DAET (Capital)
5.16.4,2nd,,5th ,SAN LORENZO RUIZ (IMELDA)
5.16.5,1st,,2nd ,JOSE PANGANIBAN
5.16.6,1st,,1st ,LABO
5.16.7,2nd,,3rd ,MERCEDES
5.16.8,1st,,3rd ,PARACALE
5.16.9,2nd,,5th ,SAN VICENTE
5.16.10,1st,,3rd ,SANTA ELENA
5.16.11,2nd,,5th ,TALISAY
5.16.12,1st,,3rd ,VINZONS
5.17,,,1st ,CAMARINES SUR
5.17.1,5th,,3rd ,BAAO
5.17.2,5th,,4th ,BALATAN
5.17.3,5th,,3rd ,BATO
5.17.4,3rd,,5th ,BOMBON
5.17.5,5th,,2nd ,BUHI
5.17.6,5th,,3rd ,BULA
5.17.7,1st,,5th ,CABUSAO
5.17.8,3rd,,2nd ,CALABANGA
5.17.9,3rd,,5th ,CAMALIGAN
5.17.10,3rd,,4th ,CANAMAN
5.17.11,4th,,-,CARAMOAN
5.17.12,1st,,4th ,DEL GALLEGO
5.17.13,2nd,,5th ,GAINZA
5.17.14,4th,,4th ,GARCHITORENA
5.17.15,4th,,2nd ,GOA
5.17.16,5th,CC,4th ,IRIGA CITY
5.17.17,4th,,3rd ,LAGONOY
5.17.18,2nd,,1st ,LIBMANAN
5.17.19,1st,,4th ,LUPI
5.17.20,3rd,,5th ,MAGARAO
5.17.21,2nd,,4th ,MILAOR
5.17.22,2nd,,4th ,MINALABAC
5.17.23,5th,,2nd ,NABUA
5.17.24,3rd,ICC,2nd ,NAGA CITY
5.17.25,3rd,,4th ,OCAMPO
5.17.26,2nd,,4th ,PAMPLONA
5.17.27,2nd,,3rd ,PASACAO
5.17.28,3rd,,1st ,PILI (Capital)
5.17.29,4th,,5th ,PRESENTACION (PARUBCAN)
5.17.30,1st,,2nd ,RAGAY
5.17.31,4th,,4th ,SAGÑAY
5.17.32,2nd,,4th ,SAN FERNANDO
5.17.33,4th,,4th ,SAN JOSE
5.17.34,1st,,2nd ,SIPOCOT
5.17.35,4th,,5th ,SIRUMA
5.17.36,4th,,4th ,TIGAON
5.17.37,4th,,2nd ,TINAMBAC
5.20,,,3rd ,CATANDUANES
5.20.1,lone,,5th ,BAGAMANOC
5.20.2,lone,,5th ,BARAS
5.20.3,lone,,5th ,BATO
5.20.4,lone,,4th ,CARAMORAN
5.20.5,lone,,5th ,GIGMOTO
5.20.6,lone,,5th ,PANDAN
5.20.7,lone,,5th ,PANGANIBAN (PAYO)
5.20.8,lone,,4th ,SAN ANDRES (CALOLBON)
5.20.9,lone,,5th ,SAN MIGUEL
5.20.10,lone,,4th ,VIGA
5.20.11,lone,,1st ,VIRAC (Capital)
5.41,,,1st ,MASBATE
5.41.1,2nd,,1st ,AROROY
5.41.2,2nd,,4th ,BALENO
5.41.3,2nd,,4th ,BALUD
5.41.4,1st,,-,BATUAN
5.41.5,3rd,,3rd ,CATAINGAN
5.41.6,3rd,,3rd ,CAWAYAN
5.41.7,1st,,3rd ,CLAVERIA
5.41.8,3rd,,4th ,DIMASALANG
5.41.9,3rd,,5th ,ESPERANZA
5.41.10,2nd,,3rd ,MANDAON
5.41.11,2nd,CC,4th ,CITY OF MASBATE (Capital)
5.41.12,2nd,,2nd ,MILAGROS
5.41.13,2nd,,4th ,MOBO
5.41.14,1st,,4th ,MONREAL
5.41.15,3rd,,4th ,PALANAS
5.41.16,3rd,,4th ,PIO V. CORPUZ (LIMBUHAN)
5.41.17,3rd,,3rd ,PLACER
5.41.18,1st,,-,SAN FERNANDO
5.41.19,1st,,4th ,SAN JACINTO
5.41.20,1st,,3rd ,SAN PASCUAL
5.41.21,3rd,,3rd ,USON
5.62,,,2nd ,SORSOGON
5.62.2,2nd,,5th ,BARCELONA
5.62.3,2nd,,1st ,BULAN
5.62.4,2nd,,5th ,BULUSAN
5.62.5,1st,,4th ,CASIGURAN
5.62.6,1st,,3rd ,CASTILLA
5.62.7,1st,,3rd ,DONSOL
5.62.8,2nd,,2nd ,GUBAT
5.62.9,2nd,,3rd ,IROSIN
5.62.10,2nd,,4th ,JUBAN
5.62.11,1st,,4th ,MAGALLANES
5.62.12,2nd,,4th ,MATNOG
5.62.13,1st,,2nd ,PILAR
5.62.14,2nd,,5th ,PRIETO DIAZ
5.62.15,2nd,,5th ,SANTA MAGDALENA
5.62.16,1st,CC,4th *,CITY OF SORSOGON (Capital)
6,,,,REGION VI (Western Visayas)
6.4,,,2nd ,AKLAN
6.4.1,lone,,4th ,ALTAVAS
6.4.2,lone,,4th ,BALETE
6.4.3,lone,,4th ,BANGA
6.4.4,lone,,4th ,BATAN
6.4.5,lone,,5th ,BURUANGA
6.4.6,lone,,3rd ,IBAJAY
60.40.70,lone,,1st ,KALIBO (Capital)
6.4.8,lone,,5th ,LEZO
6.4.9,lone,,4th ,LIBACAO
6.4.10,lone,,4th ,MADALAG
6.4.11,lone,,4th ,MAKATO
6.4.12,lone,,3rd ,MALAY
6.4.13,lone,,4th ,MALINAO
6.4.14,lone,,4th ,NABAS
6.4.15,lone,,4th ,NEW WASHINGTON
6.4.16,lone,,4th ,NUMANCIA
6.4.17,lone,,5th ,TANGALAN
6.6,,,2nd ,ANTIQUE
6.6.1,lone,,5th ,ANINI-Y
6.6.2,lone,,4th ,BARBAZA
6.6.3,lone,,5th ,BELISON
6.6.4,lone,,4th ,BUGASONG
6.6.5,lone,,4th ,CALUYA
6.6.6,lone,,3rd ,CULASI
6.6.7,lone,,4th ,TOBIAS FORNIER (DAO)
6.6.8,lone,,4th ,HAMTIC
6.6.9,lone,,4th ,LAUA-AN
6.6.10,lone,,5th ,LIBERTAD
6.6.11,lone,,4th ,PANDAN
6.6.12,lone,,4th ,PATNONGON
6.6.13,lone,,2nd ,SAN JOSE (Capital)
6.6.14,lone,,3rd ,SAN REMIGIO
6.6.15,lone,,5th ,SEBASTE
6.6.16,lone,,2nd ,SIBALOM
6.6.17,lone,,4th ,TIBIAO
6.6.18,lone,,4th ,VALDERRAMA
6.19,,,1st ,CAPIZ
6.19.1,2nd,,4th ,CUARTERO
6.19.2,2nd,,4th ,DAO
6.19.3,2nd,,4th ,DUMALAG
6.19.4,2nd,,3rd ,DUMARAO
6.19.5,2nd,,4th ,IVISAN
6.19.6,2nd,,3rd ,JAMINDAN
6.19.7,1st,,4th ,MA-AYON
6.19.8,2nd,,4th ,MAMBUSAO
6.19.9,1st,,3rd ,PANAY
6.19.10,1st,,4th ,PANITAN
6.19.11,1st,,4th ,PILAR
6.19.12,1st,,3rd ,PONTEVEDRA
6.19.13,1st,,4th ,PRESIDENT ROXAS
6.19.14,1st,CC,3rd ,ROXAS CITY (Capital)
6.19.15,2nd,,4th ,SAPI-AN
6.19.16,2nd,,4th ,SIGMA
6.19.17,2nd,,2nd ,TAPAZ
6.30,,,1st ,ILOILO
6.30.1,5th,,3rd ,AJUY
6.30.2,2nd,,4th ,ALIMODIAN
6.30.3,4th,,4th ,ANILAO
6.30.4,3rd,,4th ,BADIANGAN
6.30.5,5th,,4th ,BALASAN
6.30.6,4th,,4th ,BANATE
6.30.7,4th,,3rd ,BAROTAC NUEVO
6.30.8,5th,,4th ,BAROTAC VIEJO
6.30.9,5th,,5th ,BATAD
6.30.10,3rd,,4th ,BINGAWAN
6.30.12,3rd,,3rd ,CABATUAN
6.30.13,3rd,,2nd ,CALINOG
6.30.14,5th,,3rd ,CARLES
6.30.15,5th,,4th ,CONCEPCION
6.30.16,4th,,3rd ,DINGLE
6.30.17,4th,,3rd ,DUEÑAS
6.30.18,4th,,3rd ,DUMANGAS
6.30.19,5th,,4th ,ESTANCIA
6.30.20,1st,,4th ,GUIMBAL
6.30.21,1st,,3rd ,IGBARAS
6.30.22,lone,HUC,1st ,ILOILO CITY (Capital)
6.30.23,3rd,,2nd ,JANIUAY
6.30.25,3rd,,3rd ,LAMBUNAO
6.30.26,2nd,,4th ,LEGANES
6.30.27,5th,,4th ,LEMERY
6.30.28,2nd,,3rd ,LEON
6.30.29,3rd,,3rd ,MAASIN
6.30.30,1st,,3rd ,MIAGAO
6.30.31,3rd,,5th ,MINA
6.30.32,2nd,,4th ,NEW LUCENA
6.30.34,1st,,2nd ,OTON
6.30.35,4th,CC,3rd ,CITY OF PASSI
6.30.36,2nd,,3rd ,PAVIA
6.30.37,3rd,,2nd ,POTOTAN
6.30.38,5th,,4th ,SAN DIONISIO
6.30.39,4th,,4th ,SAN ENRIQUE
6.30.40,1st,,3rd ,SAN JOAQUIN
6.30.41,2nd,,5th ,SAN MIGUEL
6.30.42,5th,,4th ,SAN RAFAEL
6.30.43,2nd,,3rd ,SANTA BARBARA
6.30.44,5th,,3rd ,SARA
6.30.45,1st,,3rd ,TIGBAUAN
6.30.46,1st,,4th ,TUBUNGAN
6.30.47,2nd,,4th ,ZARRAGA
6.45,,,1st ,NEGROS OCCIDENTAL
6.45.1,lone,HUC,1st ,BACOLOD CITY (Capital)
6.45.2,4th,CC,2nd ,BAGO CITY
6.45.3,5th,,2nd ,BINALBAGAN
6.45.4,2nd,CC,2nd ,CADIZ CITY
6.45.5,1st,,1st ,CALATRAVA
6.45.6,6th,,4th ,CANDONI
6.45.7,6th,,1st ,CAUAYAN
6.45.8,3rd,,2nd ,ENRIQUE B. MAGALONA (SARAVIA)
6.45.9,1st,CC,5th ,CITY OF ESCALANTE
6.45.10,5th,CC,4th ,CITY OF HIMAMAYLAN
6.45.11,5th,,1st ,HINIGARAN
6.45.12,6th,,2nd ,HINOBA-AN (ASIA)
6.45.13,6th,,3rd ,ILOG
6.45.14,5th,,3rd ,ISABELA
6.45.15,6th,CC,1st ,CITY OF KABANKALAN
6.45.16,4th,CC,4th ,LA CARLOTA CITY
6.45.17,5th,,2nd ,LA CASTELLANA
6.45.18,2nd,,3rd ,MANAPLA
6.45.19,5th,,3rd ,MOISES PADILLA (MAGALLON)
6.45.20,3rd,,1st ,MURCIA
6.45.21,4th,,3rd ,PONTEVEDRA
6.45.22,4th,,4th ,PULUPANDAN
6.45.23,2nd,CC,2nd ,SAGAY CITY
6.45.24,1st,CC,2nd ,SAN CARLOS CITY
6.45.25,4th,,5th ,SAN ENRIQUE
64.52.60,3rd,CC,3rd ,SILAY CITY
6.45.27,6th,CC,4th ,CITY OF SIPALAY
6.45.28,3rd,CC,3rd ,CITY OF TALISAY
6.45.29,1st,,3rd ,TOBOSO
6.45.30,4th,,4th ,VALLADOLID
6.45.31,3rd,CC,3rd ,CITY OF VICTORIAS
6.45.32,1st,,4th ,SALVADOR BENEDICTO
6.79,,,4th ,GUIMARAS
6.79.1,lone,,3rd ,BUENAVISTA
6.79.2,lone,,3rd ,JORDAN (Capital)
6.79.3,lone,,4th ,NUEVA VALENCIA
6.79.4,lone,,5th ,SAN LORENZO
6.79.5,lone,,5th ,SIBUNAG
7,,,,REGION VII (Central Visayas)
7.12,,,1st ,BOHOL
7.12.1,1st,,5th ,ALBURQUERQUE
7.12.2,3rd,,4th ,ALICIA
7.12.3,3rd,,-,ANDA
7.12.4,1st,,4th ,ANTEQUERA
7.12.5,1st,,5th ,BACLAYON
7.12.6,1st,,4th ,BALILIHAN
7.12.7,3rd,,5th ,BATUAN
7.12.8,3rd,,4th ,BILAR
7.12.9,2nd,,4th ,BUENAVISTA
7.12.10,1st,,4th ,CALAPE
7.12.11,3rd,,-,CANDIJAY
7.12.12,3rd,,3rd ,CARMEN
7.12.13,1st,,4th ,CATIGBIAN
7.12.14,2nd,,5th ,CLARIN
7.12.15,1st,,6th ,CORELLA
7.12.16,1st,,5th ,CORTES
7.12.17,2nd,,5th ,DAGOHOY
7.12.18,2nd,,4th ,DANAO
7.12.19,1st,,-,DAUIS
7.12.20,3rd,,5th ,DIMIAO
7.12.21,3rd,,5th ,DUERO
7.12.22,3rd,,4th ,GARCIA HERNANDEZ
7.12.23,3rd,,4th ,GUINDULMAN
7.12.24,2nd,,3rd ,INABANGA
7.12.25,3rd,,4th ,JAGNA
7.12.26,2nd,,4th ,GETAFE
7.12.27,3rd,,5th ,LILA
7.12.28,3rd,,-,LOAY
7.12.29,3rd,,5th ,LOBOC
7.12.30,1st,,3rd ,LOON
7.12.31,3rd,,4th ,MABINI
7.12.32,1st,,5th ,MARIBOJOC
7.12.33,1st,,4th ,PANGLAO
7.12.34,3rd,,4th ,PILAR
7.12.35,2nd,,5th ,PRES. CARLOS P. GARCIA (PITOGO)
7.12.36,2nd,,5th ,SAGBAYAN (BORJA)
7.12.37,2nd,,-,SAN ISIDRO
7.12.38,2nd,,4th ,SAN MIGUEL
7.12.39,3rd,,5th ,SEVILLA
7.12.40,3rd,,4th ,SIERRA BULLONES
7.12.41,1st,,4th ,SIKATUNA
7.12.42,1st,CC,3rd ,TAGBILARAN CITY (Capital)
7.12.43,2nd,,1st ,TALIBON
7.12.44,2nd,,4th ,TRINIDAD
7.12.45,1st,,3rd ,TUBIGON
7.12.46,2nd,,2nd ,UBAY
7.12.47,3rd,,4th ,VALENCIA
7.12.48,2nd,,5th ,BIEN UNIDO
7.22,,,1st ,CEBU
7.22.1,2nd,,5th ,ALCANTARA
7.22.2,2nd,,5th ,ALCOY
7.22.3,2nd,,4th ,ALEGRIA
7.22.4,3rd,,4th ,ALOGUINSAN
7.22.5,2nd,,2nd ,ARGAO
7.22.6,3rd,,3rd ,ASTURIAS
7.22.7,2nd,,4th ,BADIAN
7.22.8,3rd,,1st ,BALAMBAN
7.22.9,4th,,2nd ,BANTAYAN
7.22.10,3rd,,3rd ,BARILI
7.22.11,4th,,1st ,CITY OF BOGO
7.22.12,2nd,,5th ,BOLJOON
7.22.13,5th,,4th ,BORBON
7.22.14,1st,CC,1st ,CITY OF CARCAR
7.22.15,5th,,3rd ,CARMEN
7.22.16,5th,,5th ,CATMON
7.22.17,2 LD,HUC,1st ,CEBU CITY (Capital)
7.22.18,5th,,5th ,COMPOSTELA
7.22.19,6th,,2nd ,CONSOLACION
7.22.20,6th,,4th ,CORDOBA
7.22.21,4th,,2nd ,DAANBANTAYAN
7.22.22,2nd,,2nd ,DALAGUETE
7.22.23,5th,CC,3rd ,DANAO CITY
7.22.24,2nd,,4th ,DUMANJUG
7.22.25,2nd,,5th ,GINATILAN
72.22.60,lone,HUC,1st ,LAPU-LAPU CITY (OPON)
7.22.27,5th,,2nd ,LILOAN
7.22.28,4th,,4th ,MADRIDEJOS
7.22.29,2nd,,5th ,MALABUYOC
7.22.30,6th,HUC,1st ,MANDAUE CITY
7.22.31,4th,,3rd ,MEDELLIN
7.22.32,1st,,1st ,MINGLANILLA
7.22.33,2nd,,4th ,MOALBOAL
7.22.34,1st,,1st ,CITY OF NAGA
7.22.35,2nd,,4th ,OSLOB
7.22.36,5th,,5th ,PILAR
7.22.37,3rd,,3rd ,PINAMUNGAHAN
7.22.38,5th,,4th ,PORO
7.22.39,2nd,,5th ,RONDA
7.22.40,2nd,,5th ,SAMBOAN
7.22.41,1st,,2nd ,SAN FERNANDO
7.22.42,5th,,4th ,SAN FRANCISCO
7.22.43,4th,,3rd ,SAN REMIGIO
7.22.44,4th,,5th ,SANTA FE
7.22.45,2nd,,5th ,SANTANDER
7.22.46,1st,,3rd ,SIBONGA
7.22.47,5th,,4th ,SOGOD
7.22.48,4th,,4th ,TABOGON
7.22.49,4th,,4th ,TABUELAN
7.22.50,1st,CC,4th ,CITY OF TALISAY
7.22.51,3rd,CC,3rd ,TOLEDO CITY
7.22.52,3rd,,2nd ,TUBURAN
7.22.53,5th,,5th ,TUDELA
7.46,,,1st ,NEGROS ORIENTAL
7.46.1,2nd,,4th ,AMLAN (AYUQUITAN)
7.46.2,1st,,3rd ,AYUNGON
7.46.3,3rd,,4th ,BACONG
7.46.4,2nd,CC,3rd ,BAIS CITY
7.46.5,3rd,,4th ,BASAY
7.46.6,3rd,CC,3rd ,CITY OF BAYAWAN (TULONG)
7.46.7,1st,,4th ,BINDOY (PAYABON)
7.46.8,1st,CC,4th ,CANLAON CITY
7.46.9,3rd,,4th ,DAUIN
7.46.10,2nd,CC,3rd ,DUMAGUETE CITY (Capital)
7.46.11,1st,,1st ,CITY OF GUIHULNGAN
7.46.12,1st,,4th ,JIMALALUD
7.46.13,1st,,3rd ,LA LIBERTAD
7.46.14,2nd,,2nd ,MABINAY
7.46.15,1st,,3rd ,MANJUYOD
7.46.16,2nd,,3rd ,PAMPLONA
7.46.17,2nd,,5th ,SAN JOSE
7.46.18,3rd,,1st ,SANTA CATALINA
7.46.19,3rd,,2nd ,SIATON
7.46.20,2nd,,3rd ,SIBULAN
7.46.21,2nd,CC,4th ,CITY OF TANJAY
7.46.22,1st,,4th ,TAYASAN
7.46.23,3rd,,1st ,VALENCIA (LUZURRIAGA)
7.46.24,1st,,4th ,VALLEHERMOSO
7.46.25,3rd,,4th ,ZAMBOANGUITA
7.61,,,4th ,SIQUIJOR
7.61.1,lone,,5th ,ENRIQUE VILLANUEVA
7.61.2,lone,,5th ,LARENA
7.61.3,lone,,4th ,LAZI
7.61.4,lone,,5th ,MARIA
7.61.5,lone,,5th ,SAN JUAN
7.61.6,lone,,4th ,SIQUIJOR (Capital)
8,,,,REGION VIII (Eastern Visayas)
8.26,,,2nd ,EASTERN SAMAR
8.26.1,lone,,-,ARTECHE
8.26.2,lone,,5th ,BALANGIGA
8.26.3,lone,,5th ,BALANGKAYAN
8.26.4,lone,,1st ,CITY OF BORONGAN (Capital)
8.26.5,lone,,-,CAN-AVID
8.26.6,lone,,3rd ,DOLORES
8.26.7,lone,,5th ,GENERAL MACARTHUR
8.26.8,lone,,-,GIPORLOS
8.26.9,lone,,3rd ,GUIUAN
8.26.10,lone,,-,HERNANI
8.26.11,lone,,5th ,JIPAPAD
8.26.12,lone,,5th ,LAWAAN
8.26.13,lone,,3rd ,LLORENTE
8.26.14,lone,,5th ,MASLOG
8.26.15,lone,,4th ,MAYDOLONG
8.26.16,lone,,5th ,MERCEDES
8.26.17,lone,,4th ,ORAS
8.26.18,lone,,5th ,QUINAPONDAN
8.26.19,lone,,5th ,SALCEDO
8.26.20,lone,,5th ,SAN JULIAN
8.26.21,lone,,-,SAN POLICARPO
8.26.22,lone,,5th ,SULAT
8.26.23,lone,,4th ,TAFT
8.37,,,1st ,LEYTE
8.37.1,5th,,1st ,ABUYOG
8.37.2,1st,,3rd ,ALANGALANG
8.37.3,4th,,3rd ,ALBUERA
8.37.5,1st,,4th ,BABATNGON
8.37.6,2nd,,4th ,BARUGO
8.37.7,5th,,4th ,BATO
8.37.8,5th,,1st ,CITY OF BAYBAY
8.37.10,2nd,,2nd ,BURAUEN
8.37.13,3rd,,4th ,CALUBIAN
8.37.14,2nd,,4th ,CAPOOCAN
8.37.15,2nd,,3rd ,CARIGARA
8.37.17,2nd,,4th ,DAGAMI
8.37.18,2nd,,3rd ,DULAG
8.37.19,5th,,2nd ,HILONGOS
8.37.20,5th,,5th ,HINDANG
8.37.21,5th,,4th ,INOPACAN
8.37.22,4th,,2nd ,ISABEL
8.37.23,2nd,,3rd ,JARO
8.37.24,5th,,4th ,JAVIER (BUGHO)
8.37.25,2nd,,5th ,JULITA
8.37.26,4th,,1st ,KANANGA
8.37.28,2nd,,5th ,LA PAZ
8.37.29,3rd,,4th ,LEYTE
8.37.30,2nd,,5th ,MACARTHUR
8.37.31,5th,,4th ,MAHAPLAG
8.37.33,4th,,5th ,MATAG-OB
8.37.34,5th,,4th ,MATALOM
8.37.35,2nd,,-,MAYORGA
8.37.36,4th,,4th ,MERIDA
8.37.38,4th,ICC,1st ,ORMOC CITY
8.37.39,1st,,-,PALO
8.37.40,4th,,2nd ,PALOMPON
8.37.41,2nd,,5th ,PASTRANA
8.37.42,3rd,,4th ,SAN ISIDRO
8.37.43,1st,,5th ,SAN MIGUEL
8.37.44,1st,,5th ,SANTA FE
8.37.45,3rd,,4th ,TABANGO
8.37.46,2nd,,5th ,TABONTABON
8.37.47,1st,HUC,1st ,TACLOBAN CITY (Capital)
8.37.48,1st,,3rd ,TANAUAN
8.37.49,1st,,5th ,TOLOSA
8.37.50,2nd,,6th ,TUNGA
8.37.51,3rd,,4th ,VILLABA
8.48,,,2nd ,NORTHERN SAMAR
8.48.1,1st,,5th ,ALLEN
8.48.2,1st,,-,BIRI
8.48.3,1st,,5th ,BOBON
8.48.4,1st,,5th ,CAPUL
8.48.5,1st,,-,CATARMAN (Capital)
8.48.6,2nd,,-,CATUBIG
8.48.7,2nd,,4th ,GAMAY
8.48.8,2nd,,2nd ,LAOANG
8.48.9,2nd,,5th ,LAPINIG
8.48.10,2nd,,-,LAS NAVAS
8.48.11,1st,,4th ,LAVEZARES
8.48.12,2nd,,5th ,MAPANAS
8.48.13,1st,,-,MONDRAGON
8.48.14,2nd,,-,PALAPAG
8.48.15,2nd,,4th ,PAMBUJAN
8.48.16,1st,,5th ,ROSARIO
8.48.17,1st,,5th ,SAN ANTONIO
8.48.18,1st,,4th ,SAN ISIDRO
8.48.19,1st,,5th ,SAN JOSE
8.48.20,2nd,,-,SAN ROQUE
8.48.21,1st,,5th ,SAN VICENTE
8.48.22,2nd,,-,SILVINO LOBOS
8.48.23,1st,,5th ,VICTORIA
8.48.24,1st,,-,LOPE DE VEGA
8.60,,,1st ,SAMAR (WESTERN SAMAR)
8.60.1,1st,,5th ,ALMAGRO
8.60.2,2nd,,2nd ,BASEY
8.60.3,1st,CC,1st ,CALBAYOG CITY
8.60.4,2nd,,4th ,CALBIGA
8.60.5,2nd,,1st ,CITY OF CATBALOGAN (Capital)
8.60.6,2nd,,4th ,DARAM
8.60.7,1st,,3rd ,GANDARA
8.60.8,2nd,,4th ,HINABANGAN
8.60.9,2nd,,5th ,JIABONG
8.60.10,2nd,,5th ,MARABUT
8.60.11,1st,,5th ,MATUGUINAO
8.60.12,2nd,,5th ,MOTIONG
8.60.13,2nd,,5th ,PINABACDAO
8.60.14,2nd,,4th ,SAN JOSE DE BUAN
8.60.15,2nd,,5th ,SAN SEBASTIAN
8.60.16,1st,,4th ,SANTA MARGARITA
8.60.17,2nd,,3rd ,SANTA RITA
8.60.18,1st,,5th ,SANTO NIÑO
8.60.19,2nd,,5th ,TALALORA
8.60.20,1st,,4th ,TARANGNAN
8.60.21,2nd,,4th ,VILLAREAL
8.60.22,2nd,,-,PARANAS (WRIGHT)
8.60.23,2nd,,5th ,ZUMARRAGA
8.60.24,1st,,5th ,TAGAPUL-AN
8.60.25,1st,,4th ,SAN JORGE
8.60.26,1st,,5th ,PAGSANGHAN
8.64,,,3rd ,SOUTHERN LEYTE
8.64.1,lone,,5th ,ANAHAWAN
8.64.2,lone,,4th ,BONTOC
8.64.3,lone,,4th ,HINUNANGAN
8.64.4,lone,,5th ,HINUNDAYAN
8.64.5,lone,,5th ,LIBAGON
8.64.6,lone,,4th ,LILOAN
8.64.7,lone,CC,4th ,CITY OF MAASIN (Capital)
8.64.8,lone,,4th ,MACROHON
8.64.9,lone,,4th ,MALITBOG
8.64.10,lone,,5th ,PADRE BURGOS
8.64.11,lone,,5th ,PINTUYAN
8.64.12,lone,,4th ,SAINT BERNARD
8.64.13,lone,,5th ,SAN FRANCISCO
8.64.14,lone,,5th ,SAN JUAN (CABALIAN)
8.64.15,lone,,-,SAN RICARDO
8.64.16,lone,,4th ,SILAGO
8.64.17,lone,,3rd ,SOGOD
8.64.18,lone,,5th ,TOMAS OPPUS
8.64.19,lone,,6th ,LIMASAWA
8.78,,,4th ,BILIRAN
8.78.1,lone,,5th ,ALMERIA
8.78.2,lone,,-,BILIRAN
8.78.3,lone,,-,CABUCGAYAN
8.78.4,lone,,-,CAIBIRAN
8.78.5,lone,,5th ,CULABA
8.78.6,lone,,5th ,KAWAYAN
8.78.7,lone,,5th ,MARIPIPI
8.78.8,lone,,3rd ,NAVAL (Capital)
9,,,,REGION IX (Zamboanga Peninsula)
9.72,,,1st ,ZAMBOANGA DEL NORTE
9.72.1,1st,CC,3rd ,DAPITAN CITY
9.72.2,2nd,CC,3rd ,DIPOLOG CITY (Capital)
9.72.3,2nd,,3rd ,KATIPUNAN
9.72.4,1st,,5th ,LA LIBERTAD
9.72.5,3rd,,3rd ,LABASON
9.72.6,3rd,,3rd ,LILOY
9.72.7,2nd,,3rd ,MANUKAN
9.72.8,1st,,6th ,MUTIA
9.72.9,1st,,4th ,PIÑAN (NEW PIÑAN)
9.72.10,1st,,3rd ,POLANCO
9.72.11,2nd,,3rd ,PRES. MANUEL A. ROXAS
9.72.12,1st,,5th ,RIZAL
9.72.13,3rd,,4th ,SALUG
9.72.14,1st,,-,SERGIO OSMEÑA SR.
9.72.15,2nd,,3rd ,SIAYAN
9.72.16,3rd,,-,SIBUCO
9.72.17,1st,,5th ,SIBUTAD
9.72.18,2nd,,1st ,SINDANGAN
9.72.19,3rd,,-,SIOCON
9.72.20,3rd,,4th ,SIRAWAI
9.72.21,3rd,,4th ,TAMPILISAN
9.72.22,2nd,,4th ,JOSE DALMAN (PONOT)
9.72.23,3rd,,3rd ,GUTALAC
9.72.24,3rd,,4th ,BALIGUIAN
9.72.25,3rd,,-,GODOD
9.72.26,3rd,,4th ,BACUNGAN (Leon T. Postigo)
9.72.27,3rd,,4th ,KALAWIT
9.73,,,1st ,ZAMBOANGA DEL SUR
9.73.2,1st,,3rd ,AURORA
9.73.3,2nd,,3rd ,BAYOG
9.73.5,2nd,,4th ,DIMATALING
9.73.6,2nd,,4th ,DINAS
9.73.7,2nd,,4th ,DUMALINAO
9.73.8,1st,,2nd ,DUMINGAG
9.73.11,2nd,,4th ,KUMALARANG
9.73.12,1st,,3rd ,LABANGAN
9.73.13,2nd,,4th ,LAPUYAN
9.73.15,1st,,3rd ,MAHAYAG
9.73.17,2nd,,4th ,MARGOSATUBIG
9.73.18,1st,,4th ,MIDSALIP
9.73.19,1st,,2nd ,MOLAVE
9.73.22,1st,CC,2nd ,PAGADIAN CITY (Capital)
9.73.23,1st,,4th ,RAMON MAGSAYSAY (LIARGO)
9.73.24,2nd,,4th ,SAN MIGUEL
9.73.25,2nd,,4th ,SAN PABLO
9.73.27,2nd,,4th ,TABINA
9.73.28,1st,,-,TAMBULIG
9.73.30,1st,,4th ,TUKURAN
9.73.32,2 LD,HUC,1st ,ZAMBOANGA CITY
9.73.33,2nd,,4th ,LAKEWOOD
9.73.37,1st,,6th ,JOSEFINA
9.73.38,2nd,,4th ,PITOGO
9.73.40,1st,,5th ,SOMINOT (DON MARIANO MARCOS)
9.73.41,2nd,,5th ,VINCENZO A. SAGUN
9.73.43,2nd,,5th ,GUIPOS
9.73.44,2nd,,5th ,TIGBAO
9.83,,,3rd ,ZAMBOANGA SIBUGAY
9.83.1,1st,,4th ,ALICIA
9.83.2,1st,,3rd ,BUUG
9.83.3,1st,,4th ,DIPLAHAN
9.83.4,1st,,4th ,IMELDA
9.83.5,2nd,,1st ,IPIL (Capital)
9.83.6,2nd,,3rd ,KABASALAN
9.83.7,1st,,4th ,MABUHAY
9.83.8,1st,,3rd ,MALANGAS
9.83.9,2nd,,3rd ,NAGA
9.83.10,1st,,4th ,OLUTANGA
9.83.11,1st,,4th ,PAYAO
9.83.12,2nd,,3rd ,ROSELLER LIM
9.83.13,2nd,,3rd ,SIAY
9.83.14,1st,,5th ,TALUSAN
9.83.15,2nd,,3rd ,TITAY
9.83.16,2nd,,3rd ,TUNGAWAN
9.97,,,,CITY OF ISABELA (Not a Province)
9.97.1,lone,CC,5th ,CITY OF ISABELA (Capital)
10,,,,REGION X (Northern Mindanao)
10.13,,,1st ,BUKIDNON
10.13.1,1st,,3rd ,BAUNGON
10.13.2,3rd,,-,DAMULOG
10.13.3,3rd,,-,DANGCAGAN
10.13.4,3rd,,2nd ,DON CARLOS
10.13.5,2nd,,1st ,IMPASUG-ONG
10.13.6,3rd,,4th ,KADINGILAN
10.13.7,4th,,3rd ,KALILANGAN
10.13.8,3rd,,3rd ,KIBAWE
10.13.9,3rd,,-,KITAOTAO
10.13.10,2nd,,3rd ,LANTAPAN
10.13.11,1st,,3rd ,LIBONA
10.13.12,2nd,CC,1st ,CITY OF MALAYBALAY (Capital)
10.13.13,1st,,3rd ,MALITBOG
10.13.14,1st,,1st ,MANOLO FORTICH
10.13.15,3rd,,1st ,MARAMAG
10.13.16,4th,,2nd ,PANGANTUCAN
10.13.17,3rd,,1st ,QUEZON
10.13.18,2nd,,2nd ,SAN FERNANDO
10.13.19,1st,,4th ,SUMILAO
10.13.20,1st,,1st ,TALAKAG
10.13.21,4th,CC,3rd ,CITY OF VALENCIA
10.13.22,2nd,,3rd ,CABANGLASAN
10.18,,,5th ,CAMIGUIN
10.18.1,lone,,5th ,CATARMAN
10.18.2,lone,,5th ,GUINSILIBAN
10.18.3,lone,,5th ,MAHINOG
10.18.4,lone,,3rd ,MAMBAJAO (Capital)
10.18.5,lone,,5th ,SAGAY
10.35,,,2nd ,LANAO DEL NORTE
10.35.1,1st,,5th ,BACOLOD
10.35.2,1st,,-,BALOI
10.35.3,1st,,4th ,BAROY
10.35.4,lone,HUC,1st ,ILIGAN CITY
10.35.5,2nd,,3rd ,KAPATAGAN
10.35.6,2nd,,4th ,SULTAN NAGA DIMAPORO (KAROMATAN)
10.35.7,1st,,-,KAUSWAGAN
10.35.8,1st,,4th ,KOLAMBUGAN
10.35.9,2nd,,3rd ,LALA
10.35.10,1st,,5th ,LINAMON
10.35.11,2nd,,-,MAGSAYSAY
10.35.12,1st,,5th ,MAIGO
10.35.13,1st,,-,MATUNGAO
10.35.14,2nd,,-,MUNAI
10.35.15,2nd,,-,NUNUNGAN
10.35.16,2nd,,-,PANTAO RAGAT
10.35.17,2nd,,-,POONA PIAGAPO
10.35.18,2nd,,5th ,SALVADOR
10.35.19,2nd,,5th ,SAPAD
10.35.20,1st,,-,TAGOLOAN
10.35.21,2nd,,5th ,TANGCAL
10.35.22,1st,,-,TUBOD (Capital)
10.35.23,1st,,5th ,PANTAR
10.42,,,2nd ,MISAMIS OCCIDENTAL
10.42.1,1st,,4th ,ALORAN
10.42.2,1st,,5th ,BALIANGAO
10.42.3,2nd,,4th ,BONIFACIO
10.42.4,1st,,4th ,CALAMBA
10.42.5,2nd,,4th ,CLARIN
10.42.6,1st,,-,CONCEPCION
10.42.7,1st,,4th ,JIMENEZ
10.42.8,1st,,4th ,LOPEZ JAENA
10.42.9,1st,CC,4th ,OROQUIETA CITY (Capital)
10.42.10,2nd,CC,3rd ,OZAMIS CITY
10.42.11,1st,,-,PANAON
10.42.12,1st,,4th ,PLARIDEL
10.42.13,1st,,5th ,SAPANG DALAGA
10.42.14,2nd,,5th ,SINACABAN
10.42.15,2nd,CC,4th ,TANGUB CITY
10.42.16,2nd,,4th ,TUDELA
10.42.17,2nd,,4th ,DON VICTORIANO CHIONGBIAN  (DON MARIANO MARCOS)
10.43,,,1st ,MISAMIS ORIENTAL
10.43.1,2nd,,-,ALUBIJID
10.43.2,1st,,-,BALINGASAG
10.43.3,1st,,-,BALINGOAN
10.43.4,1st,,-,BINUANGAN
10.43.5,2 LD,HUC,1st ,CAGAYAN DE ORO CITY (Capital)
10.43.6,2nd,,2nd ,CLAVERIA
10.43.7,2nd,,3rd ,CITY OF EL SALVADOR
10.43.8,1st,CC,2nd ,GINGOOG CITY
10.43.9,2nd,,-,GITAGUM
10.43.10,2nd,,4th ,INITAO
10.43.11,2nd,,3rd ,JASAAN
10.43.12,1st,,5th ,KINOGUITAN
10.43.13,1st,,-,LAGONGLONG
10.43.14,2nd,,5th ,LAGUINDINGAN
10.43.15,2nd,,5th ,LIBERTAD
10.43.16,2nd,,-,LUGAIT
10.43.17,1st,,4th ,MAGSAYSAY (LINUGOS)
10.43.18,2nd,,4th ,MANTICAO
10.43.19,1st,,4th ,MEDINA
10.43.20,2nd,,5th ,NAAWAN
10.43.21,2nd,,-,OPOL
10.43.22,1st,,-,SALAY
10.43.23,1st,,-,SUGBONGCOGON
10.43.24,2nd,,-,TAGOLOAN
10.43.25,1st,,-,TALISAYAN
10.43.26,2nd,,-,VILLANUEVA
11,,,,REGION XI (Davao Region)
11.23,,,1st ,DAVAO DEL NORTE
11.23.1,1st,,2nd ,ASUNCION (SAUG)
11.23.3,2nd,,2nd ,CARMEN
11.23.5,1st,,1st ,KAPALONG
11.23.14,1st,,2nd ,NEW CORELLA
11.23.15,2nd,CC,4th ,CITY OF PANABO
11.23.17,2nd,CC,3rd ,ISLAND GARDEN CITY OF SAMAL
11.23.18,2nd,,1st ,SANTO TOMAS
11.23.19,1st,CC,1st ,CITY OF TAGUM (Capital)
11.23.22,1st,,3rd ,TALAINGOD
11.23.23,2nd,,4th ,BRAULIO E. DUJALI
11.23.24,1st,,-,SAN ISIDRO
11.24,,,1st ,DAVAO DEL SUR
11.24.1,1st,,2nd ,BANSALAN
11.24.2,3 LD,HUC,1st ,DAVAO CITY
11.24.3,1st,CC,3rd ,CITY OF DIGOS (Capital)
11.24.4,1st,,3rd ,HAGONOY
11.24.5,2nd,,1st ,JOSE ABAD SANTOS (TRINIDAD)
11.24.6,2nd,,2nd ,KIBLAWAN
11.24.7,1st,,3rd ,MAGSAYSAY
11.24.8,2nd,,-,MALALAG
11.24.9,2nd,,1st ,MALITA
11.24.10,1st,,3rd ,MATANAO
11.24.11,1st,,4th ,PADADA
11.24.12,1st,,1st ,SANTA CRUZ
11.24.13,2nd,,3rd ,SANTA MARIA
11.24.14,2nd,,-,SULOP
11.24.15,2nd,,5th ,SARANGANI
11.24.16,2nd,,3rd ,DON MARCELINO
11.25,,,1st ,DAVAO ORIENTAL
11.25.1,1st,,1st ,BAGANGA
11.25.2,2nd,,2nd ,BANAYBANAY
11.25.3,1st,,4th ,BOSTON
11.25.4,1st,,2nd ,CARAGA
11.25.5,1st,,3rd ,CATEEL
11.25.6,2nd,,3rd ,GOVERNOR GENEROSO
11.25.7,2nd,,1st ,LUPON
11.25.8,1st,,2nd ,MANAY
11.25.9,2nd,,1st ,CITY OF MATI (Capital)
11.25.10,2nd,,3rd ,SAN ISIDRO
11.25.11,1st,,4th ,TARRAGONA
11.82,,,1st ,COMPOSTELA VALLEY
11.82.1,1st,,1st ,COMPOSTELA
11.82.2,2nd,,1st ,LAAK (SAN VICENTE)
11.82.3,2nd,,3rd ,MABINI (DOÑA ALICIA)
11.82.4,2nd,,1st ,MACO
11.82.5,1st,,2nd ,MARAGUSAN (SAN MARIANO)
11.82.6,2nd,,3rd ,MAWAB
11.82.7,1st,,1st ,MONKAYO
11.82.8,1st,,3rd ,MONTEVISTA
11.82.9,2nd,,1st ,NABUNTURAN (Capital)
11.82.10,1st,,2nd ,NEW BATAAN
11.82.11,2nd,,1st ,PANTUKAN
12,,,,REGION XII (Soccsksargen)
12.47,,,1st ,COTABATO (NORTH COTABATO)
12.47.1,1st,,1st ,ALAMADA
12.47.2,3rd,,-,CARMEN
12.47.3,3rd,,1st ,KABACAN
12.47.4,2nd,CC,2nd ,CITY OF KIDAPAWAN (Capital)
12.47.5,1st,,3rd ,LIBUNGAN
12.47.6,2nd,,1st ,MAGPET
12.47.7,2nd,,1st ,MAKILALA
12.47.8,3rd,,1st ,MATALAM
12.47.9,1st,,1st ,MIDSAYAP
12.47.10,3rd,,1st ,M'LANG
12.47.11,1st,,2nd ,PIGKAWAYAN
12.47.12,1st,,1st ,PIKIT
12.47.13,2nd,,2nd ,PRESIDENT ROXAS
12.47.14,3rd,,3rd ,TULUNAN
12.47.15,2nd,,3rd ,ANTIPAS
12.47.16,3rd,,2nd ,BANISILAN
12.47.17,1st,,4th ,ALEOSAN
12.47.18,2nd,,2nd ,ARAKAN
12.63,,,1st ,SOUTH COTABATO
12.63.2,2nd,,1st ,BANGA
12.63.3,1st,HUC,1st ,GENERAL SANTOS CITY (DADIANGAS)
12.63.6,2nd,CC,3rd ,CITY OF KORONADAL (Capital)
12.63.11,2nd,,3rd ,NORALA
12.63.12,1st,,1st ,POLOMOLOK
12.63.13,2nd,,1st ,SURALLAH
12.63.14,1st,,3rd ,TAMPAKAN
12.63.15,2nd,,4th ,TANTANGAN
12.63.16,2nd,,1st ,T'BOLI
12.63.17,1st,,2nd ,TUPI
12.63.18,2nd,,4th ,SANTO NIÑO
12.63.19,2nd,,1st ,LAKE SEBU
12.65,,,1st ,SULTAN KUDARAT
12.65.1,2nd,,1st ,BAGUMBAYAN
12.65.2,1st,,2nd ,COLUMBIO
12.65.3,2nd,,2nd ,ESPERANZA
12.65.4,1st,,1st ,ISULAN (Capital)
12.65.5,2nd,,1st ,KALAMANSIG
12.65.6,2nd,,1st ,LEBAK
12.65.7,1st,,3rd ,LUTAYAN
12.65.8,1st,,-,LAMBAYONG (MARIANO MARCOS)
12.65.9,2nd,,2nd ,PALIMBANG
12.65.10,1st,,4th ,PRESIDENT QUIRINO
12.65.11,1st,CC,4th ,CITY OF TACURONG
12.65.12,2nd,,3rd ,SEN. NINOY AQUINO
12.80,,,2nd ,SARANGANI
12.80.1,lone,,1st ,ALABEL (Capital)
12.80.2,lone,,1st ,GLAN
12.80.3,lone,,2nd ,KIAMBA
12.80.4,lone,,3rd ,MAASIM
12.80.5,lone,,3rd ,MAITUM
12.80.6,lone,,1st ,MALAPATAN
12.80.7,lone,,1st ,MALUNGON
12.98,,,,COTABATO CITY (Not a Province)
12.98.4,1st,ICC,2nd ,COTABATO CITY
13,,,,NCR - National Capital Region
13.39,6 LD,HUC,Special,CITY OF MANILA
13.39,,,,"NCR, CITY OF MANILA, FIRST DISTRICT (Not a Province)"
13.74,,,,"NCR, SECOND DISTRICT (Not a Province)"
13.74.1,lone,HUC,1st ,CITY OF MANDALUYONG
13.74.2,2 LD,HUC,1st ,CITY OF MARIKINA
13.74.3,lone,HUC,1st ,CITY OF PASIG
13.74.4,6 LD,HUC,Special,QUEZON CITY
13.74.5,lone,HUC,1st ,CITY OF SAN JUAN
13.75,,,,"NCR, THIRD DISTRICT (Not a Province)"
13.75.1,2 LD,HUC,1st ,CALOOCAN CITY
13.75.2,lone,HUC,1st ,CITY OF MALABON
13.75.3,lone,HUC,1st ,CITY OF NAVOTAS
13.75.4,2 LD,HUC,1st ,CITY OF VALENZUELA
13.76,,,,"NCR, FOURTH DISTRICT (Not a Province)"
13.76.1,lone,HUC,1st ,CITY OF LAS PIÑAS
13.76.2,2 LD,HUC,1st ,CITY OF MAKATI
13.76.3,lone,HUC,1st ,CITY OF MUNTINLUPA
13.76.4,2 LD,HUC,1st ,CITY OF PARAÑAQUE
13.76.5,lone,HUC,1st ,PASAY CITY
13.76.6,lone,,1st ,PATEROS
13.76.7,2 LD,HUC,1st ,TAGUIG CITY
14,,,,CAR - Cordillera Administrative Region
14.1,,,3rd ,ABRA
14.1.1,lone,,1st ,BANGUED (Capital)
14.1.2,lone,,5th ,BOLINEY
14.1.3,lone,,5th ,BUCAY
14.1.4,lone,,5th ,BUCLOC
14.1.5,lone,,5th ,DAGUIOMAN
14.1.6,lone,,5th ,DANGLAS
14.1.7,lone,,5th ,DOLORES
14.1.8,lone,,5th ,LA PAZ
14.1.9,lone,,5th ,LACUB
14.1.10,lone,,5th ,LAGANGILANG
14.1.11,lone,,6th ,LAGAYAN
14.1.12,lone,,5th ,LANGIDEN
14.1.13,lone,,5th ,LICUAN-BAAY (LICUAN)
14.1.14,lone,,5th ,LUBA
14.1.15,lone,,5th ,MALIBCONG
14.1.16,lone,,5th ,MANABO
14.1.17,lone,,6th ,PEÑARRUBIA
14.1.18,lone,,5th ,PIDIGAN
14.1.19,lone,,5th ,PILAR
14.1.20,lone,,5th ,SALLAPADAN
14.1.21,lone,,5th ,SAN ISIDRO
14.1.22,lone,,5th ,SAN JUAN
14.1.23,lone,,5th ,SAN QUINTIN
14.1.24,lone,,5th ,TAYUM
14.1.25,lone,,3rd ,TINEG
14.1.26,lone,,4th ,TUBO
14.1.27,lone,,5th ,VILLAVICIOSA
14.11,,,2nd ,BENGUET
14.11.1,lone,,4th ,ATOK
14.11.2,lone,HUC,1st ,BAGUIO CITY
14.11.3,lone,,4th ,BAKUN
14.11.4,lone,,4th ,BOKOD
14.11.5,lone,,3rd ,BUGUIAS
14.11.6,lone,,1st ,ITOGON
14.11.7,lone,,4th ,KABAYAN
14.11.8,lone,,4th ,KAPANGAN
14.11.9,lone,,4th ,KIBUNGAN
14.11.10,lone,,1st ,LA TRINIDAD (Capital)
14.11.11,lone,,3rd ,MANKAYAN
14.11.12,lone,,5th ,SABLAN
14.11.13,lone,,2nd ,TUBA
14.11.14,lone,,5th ,TUBLAY
14.27,,,3rd ,IFUGAO
14.27.1,lone,,4th ,BANAUE
14.27.2,lone,,4th ,HUNGDUAN
14.27.3,lone,,4th ,KIANGAN
14.27.4,lone,,4th ,LAGAWE (Capital)
14.27.5,lone,,4th ,LAMUT
14.27.6,lone,,4th ,MAYOYAO
14.27.7,lone,,3rd ,ALFONSO LISTA (POTIA)
14.27.8,lone,,3rd ,AGUINALDO
14.27.9,lone,,5th ,HINGYON
14.27.10,lone,,5th ,TINOC
14.27.11,lone,,5th ,ASIPULO
14.32,,,3rd ,KALINGA
14.32.1,lone,,3rd ,BALBALAN
14.32.6,lone,,4th ,LUBUAGAN
14.32.8,lone,,5th ,PASIL
14.32.9,lone,,2nd ,PINUKPUK
14.32.11,lone,,4th ,RIZAL (LIWAN)
14.32.13,lone,,1st ,CITY OF TABUK (Capital)
14.32.14,lone,,4th ,TANUDAN
14.32.15,lone,,4th ,TINGLAYAN
14.44,,,4th ,MOUNTAIN PROVINCE
14.44.1,lone,,5th ,BARLIG
14.44.2,lone,,4th ,BAUKO
14.44.3,lone,,5th ,BESAO
14.44.4,lone,,3rd ,BONTOC (Capital)
14.44.5,lone,,4th ,NATONIN
14.44.6,lone,,3rd ,PARACELIS
14.44.7,lone,,5th ,SABANGAN
14.44.8,lone,,5th ,SADANGA
14.44.9,lone,,5th ,SAGADA
14.44.10,lone,,4th ,TADIAN
14.81,,,4th ,APAYAO
14.81.1,lone,,1st ,CALANASAN (BAYAG)
14.81.2,lone,,3rd ,CONNER
14.81.3,lone,,4th ,FLORA
14.81.4,lone,,2nd ,KABUGAO (Capital)
14.81.5,lone,,3rd ,LUNA
14.81.6,lone,,4th ,PUDTOL
14.81.7,lone,,5th ,SANTA MARCELA
15,,,,ARMM - Autonomous Region in Muslim Mindanao
15.7,,,3rd ,BASILAN
15.7.2,lone,,-,CITY OF LAMITAN
15.7.3,lone,,-,LANTAWAN
15.7.4,lone,,-,MALUSO
15.7.5,lone,,-,SUMISIP
15.7.6,lone,,-,TIPO-TIPO
15.7.7,lone,,-,TUBURAN
15.7.8,lone,,-,AKBAR
15.7.9,lone,,-,AL-BARKA
15.7.10,lone,,-,HADJI MOHAMMAD AJUL
15.7.11,lone,,-,UNGKAYA PUKAN
15.7.12,lone,,-,HADJI MUHTAMAD
15.7.13,,,,TABUAN-LASA
15.36,,,1st ,LANAO DEL SUR
15.36.1,2nd,,-,BACOLOD-KALAWI (BACOLOD GRANDE)
15.36.2,2nd,,4th ,BALABAGAN
15.36.3,2nd,,4th ,BALINDONG (WATU)
15.36.4,2nd,,5th ,BAYANG
15.36.5,2nd,,5th ,BINIDAYAN
15.36.6,1st,,-,BUBONG
15.36.7,2nd,,-,BUTIG
15.36.9,2nd,,5th ,GANASSI
15.36.10,1st,,4th ,KAPAI
15.36.11,1st,,-,LUMBA-BAYABAO (MAGUING)
15.36.12,2nd,,5th ,LUMBATAN
15.36.13,2nd,,-,MADALUM
15.36.14,2nd,,5th ,MADAMBA
15.36.15,2nd,,4th ,MALABANG
15.36.16,1st,,3rd ,MARANTAO
15.36.17,1st,CC,4th ,MARAWI CITY (Capital)
15.36.18,1st,,-,MASIU
15.36.19,1st,,4th ,MULONDO
15.36.20,2nd,,5th ,PAGAYAWAN (TATARIKAN)
15.36.21,1st,,4th ,PIAGAPO
15.36.22,1st,,-,POONA BAYABAO (GATA)
15.36.23,2nd,,5th ,PUALAS
15.36.24,1st,,4th ,DITSAAN-RAMAIN
15.36.25,1st,,4th ,SAGUIARAN
15.36.26,1st,,5th ,TAMPARAN
15.36.27,1st,,4th ,TARAKA
15.36.28,2nd,,4th ,TUBARAN
15.36.29,2nd,,4th ,TUGAYA
15.36.30,1st,,-,WAO
15.36.31,2nd,,4th ,MAROGONG
15.36.32,2nd,,5th ,CALANOGAS
15.36.33,1st,,5th ,BUADIPOSO-BUNTONG
15.36.34,1st,,3rd ,MAGUING
15.36.35,2nd,,4th ,PICONG (SULTAN GUMANDER)
15.36.36,2nd,,-,LUMBAYANAGUE
15.36.37,1st,,4th ,BUMBARAN
15.36.38,1st,,-,TAGOLOAN II
15.36.39,2nd,,5th ,KAPATAGAN
15.36.40,2nd,,-,SULTAN DUMALONDONG
15.36.41,2nd,,-,LUMBACA-UNAYAN
15.38,,,1st ,MAGUINDANAO
15.38.1,2nd,,-,AMPATUAN
15.38.2,1st,,-,BULDON
15.38.3,2nd,,-,BULUAN
15.38.5,2nd,,-,DATU PAGLAS
15.38.6,2nd,,-,DATU PIANG
15.38.7,1st,,-,DATU ODIN SINSUAT (DINAIG) (Capital)
15.38.8,2nd,,-,SHARIFF AGUAK (MAGANOY) (Capital)
15.38.9,1st,,-,MATANOG
15.38.10,2nd,,-,PAGALUNGAN
15.38.11,1st,,-,PARANG
15.38.12,1st,,-,SULTAN KUDARAT (NULING)
15.38.13,2nd,,-,SULTAN SA BARONGIS (LAMBAYONG)
15.38.14,1st,,-,KABUNTALAN (TUMBAO)
15.38.15,1st,,-,UPI
15.38.16,2nd,,-,TALAYAN
15.38.17,2nd,,-,SOUTH UPI
15.38.18,1st,,4th ,BARIRA
15.38.19,2nd,,-,GEN. S. K. PENDATUN
15.38.20,2nd,,-,MAMASAPANO
15.38.21,2nd,,-,TALITAY
15.38.22,2nd,,-,PAGAGAWAN
15.38.23,2nd,,-,PAGLAT
15.38.24,1st,,-,SULTAN MASTURA
15.38.25,2nd,-,-,GUINDULUNGAN
15.38.26,2nd,,-,DATU SAUDI-AMPATUAN
15.38.27,2nd,,-,DATU UNSAY
15.38.28,2nd,-,-,DATU ABDULLAH SANGKI
15.38.29,2nd,,-,RAJAH BUAYAN
15.38.30,1st,,-,DATU BLAH T. SINSUAT
15.38.31,2nd,,,DATU ANGGAL MIDTIMBANG
15.38.32,2nd,,,MANGUDADATU
15.38.33,2nd,,,PANDAG
15.38.34,1st,,,NORTHERN KABUNTALAN
15.38.35,2nd,-,-,DATU HOFFER AMPATUAN
15.38.36,2nd,-,-,DATU SALIBO
15.38.37,2nd,-,-,SHARIFF SAYDONA MUSTAPHA
15.66,,,3rd ,SULU
15.66.1,1st,,3rd ,INDANAN
15.66.2,1st,,3rd ,JOLO (Capital)
15.66.3,2nd,,5th ,KALINGALAN CALUANG
15.66.4,2nd,,-,LUUK
15.66.5,1st,,5th ,MAIMBUNG
15.66.6,1st,,5th ,HADJI PANGLIMA TAHIL (MARUNGGAS)
15.66.7,2nd,,4th ,OLD PANAMAO
15.66.8,1st,,4th ,PANGUTARAN
15.66.9,1st,,3rd ,PARANG
15.66.10,2nd,,5th ,PATA
15.66.11,1st,,4th ,PATIKUL
15.66.12,2nd,,3rd ,SIASI
15.66.13,1st,,2nd ,TALIPAO
15.66.14,2nd,,5th ,TAPUL
15.66.15,2nd,,5th ,TONGKIL
15.66.16,2nd,,5th ,PANGLIMA ESTINO (NEW PANAMAO)
15.66.17,2nd,,5th ,LUGUS
15.66.18,2nd,,5th ,PANDAMI
15.66.19,2nd,,-,OMAR
15.70,,,4th ,TAWI-TAWI
15.70.1,lone,,3rd ,PANGLIMA SUGALA (BALIMBING) (Capital)
15.70.2,lone,,3rd ,BONGAO (Capital)
15.70.3,lone,,4th ,MAPUN (CAGAYAN DE TAWI-TAWI)
15.70.4,lone,,4th ,SIMUNUL
15.70.5,lone,,2nd ,SITANGKAI
15.70.6,lone,,4th ,SOUTH UBIAN
15.70.7,lone,,3rd ,TANDUBAS
15.70.8,lone,,5th ,TURTLE ISLANDS
15.70.9,lone,,3rd ,LANGUYAN
15.70.10,lone,,4th ,SAPA-SAPA
15.70.11,lone,,,SIBUTU
16,,,,REGION XIII (Caraga)
16.2,,,3rd ,AGUSAN DEL NORTE
16.2.1,2nd,,2nd ,BUENAVISTA
16.2.2,1st,HUC,1st ,BUTUAN CITY (Capital)
16.2.3,2nd,,2nd ,CITY OF CABADBARAN
16.2.4,2nd,,4th ,CARMEN
16.2.5,2nd,,4th ,JABONGA
16.2.6,2nd,,4th ,KITCHARAO
16.2.7,1st,,3rd ,LAS NIEVES
16.2.8,2nd,,4th ,MAGALLANES
16.2.9,2nd,,3rd ,NASIPIT
16.2.10,2nd,,4th ,SANTIAGO
16.2.11,2nd,,4th ,TUBAY
16.2.12,2nd,,5th ,REMEDIOS T. ROMUALDEZ
16.3,,,1st ,AGUSAN DEL SUR
16.3.1,1st,,1st ,CITY OF BAYUGAN
16.3.2,2nd,,-,BUNAWAN
16.3.3,1st,,-,ESPERANZA
16.3.4,2nd,,-,LA PAZ
16.3.5,2nd,,-,LORETO
16.3.6,1st,,-,PROSPERIDAD (Capital)
16.3.7,2nd,,-,ROSARIO
16.3.8,2nd,,1st ,SAN FRANCISCO
16.3.9,1st,,-,SAN LUIS
16.3.10,2nd,,-,SANTA JOSEFA
16.3.11,1st,,-,TALACOGON
16.3.12,2nd,,-,TRENTO
16.3.13,2nd,,-,VERUELA
16.3.14,1st,,2nd ,SIBAGAT
16.67,,,2nd ,SURIGAO DEL NORTE
16.67.1,2nd,,5th ,ALEGRIA
16.67.2,2nd,,5th ,BACUAG
16.67.4,1st,,6th ,BURGOS
16.67.6,2nd,,4th ,CLAVER
16.67.7,1st,,4th ,DAPA
16.67.8,1st,,5th ,DEL CARMEN
16.67.10,1st,,5th ,GENERAL LUNA
16.67.11,2nd,,4th ,GIGAQUIT
16.67.14,2nd,,4th ,MAINIT
16.67.15,2nd,,5th ,MALIMONO
16.67.16,1st,,5th ,PILAR
16.67.17,2nd,,4th ,PLACER
16.67.18,1st,,5th ,SAN BENITO
16.67.19,2nd,,5th ,SAN FRANCISCO (ANAO-AON)
16.67.20,1st,,5th ,SAN ISIDRO
16.67.21,1st,,5th ,SANTA MONICA (SAPAO)
16.67.22,2nd,,5th ,SISON
16.67.23,1st,,4th ,SOCORRO
16.67.24,2nd,CC,2nd ,SURIGAO CITY (Capital)
16.67.25,2nd,,5th ,TAGANA-AN
16.67.27,2nd,,5th ,TUBOD
16.68,,,1st ,SURIGAO DEL SUR
16.68.1,2nd,,3rd ,BAROBO
16.68.2,1st,,5th ,BAYABAS
16.68.3,2nd,CC,4th ,CITY OF BISLIG
16.68.4,1st,,4th ,CAGWAIT
16.68.5,1st,,3rd ,CANTILAN
16.68.6,1st,,5th ,CARMEN
16.68.7,1st,,4th ,CARRASCAL
16.68.8,1st,,5th ,CORTES
16.68.9,2nd,,3rd ,HINATUAN
16.68.10,1st,,4th ,LANUZA
16.68.11,1st,,4th ,LIANGA
16.68.12,2nd,,4th ,LINGIG
16.68.13,1st,,4th ,MADRID
16.68.14,1st,,4th ,MARIHATAG
16.68.15,1st,,4th ,SAN AGUSTIN
16.68.16,1st,,2nd ,SAN MIGUEL
16.68.17,2nd,,3rd ,TAGBINA
16.68.18,1st,,3rd ,TAGO
16.68.19,1st,,2nd ,CITY OF TANDAG (Capital)
16.85,,,-,DINAGAT ISLANDS
16.85.1,lone,,5th ,BASILISA (RIZAL)
16.85.2,lone,,4th ,CAGDIANAO
16.85.3,lone,,5th ,DINAGAT
16.85.4,lone,,4th ,LIBJO (ALBOR)
16.85.5,lone,,4th ,LORETO
16.85.6,lone,,4th ,SAN JOSE (Capital)
16.85.7,lone,,5th ,TUBAJON
17,,,,REGION IV-B (MIMAROPA)
17.40,,,4th ,MARINDUQUE
17.40.1,lone,,2nd ,BOAC (Capital)
17.40.2,lone,,4th ,BUENAVISTA
17.40.3,lone,,4th ,GASAN
17.40.4,lone,,4th ,MOGPOG
17.40.5,lone,,1st ,SANTA CRUZ
17.40.6,lone,,4th ,TORRIJOS
17.51,,,1st ,OCCIDENTAL MINDORO
17.51.1,lone,,4th ,ABRA DE ILOG
17.51.2,lone,,4th ,CALINTAAN
17.51.3,lone,,5th ,LOOC
17.51.4,lone,,4th ,LUBANG
17.51.5,lone,,3rd ,MAGSAYSAY
17.51.6,lone,,3rd ,MAMBURAO (Capital)
17.51.7,lone,,3rd ,PALUAN
17.51.8,lone,,4th ,RIZAL
17.51.9,lone,,1st ,SABLAYAN
17.51.10,lone,,1st ,SAN JOSE
17.51.11,lone,,3rd ,SANTA CRUZ
17.52,,,2nd ,ORIENTAL MINDORO
17.52.1,1st,,4th ,BACO
17.52.2,2nd,,3rd ,BANSUD
17.52.3,2nd,,1st ,BONGABONG
17.52.4,2nd,,3rd ,BULALACAO (SAN PEDRO)
17.52.5,1st,CC,3rd ,CITY OF CALAPAN (Capital)
17.52.6,2nd,,3rd ,GLORIA
17.52.7,2nd,,3rd ,MANSALAY
17.52.8,1st,,1st ,NAUJAN
17.52.9,2nd,,1st ,PINAMALAYAN
17.52.10,1st,,4th ,POLA
17.52.11,1st,,3rd ,PUERTO GALERA
17.52.12,2nd,,3rd ,ROXAS
17.52.13,1st,,4th ,SAN TEODORO
17.52.14,1st,,3rd ,SOCORRO
17.52.15,1st,,3rd ,VICTORIA
17.53,,,1st ,PALAWAN
17.53.1,3rd,,2nd ,ABORLAN
17.53.2,1st,,5th ,AGUTAYA
17.53.3,1st,,-,ARACELI
17.53.4,2nd,,-,BALABAC
17.53.5,2nd,,2nd ,BATARAZA
17.53.6,2nd,,1st ,BROOKE'S POINT
17.53.7,1st,,-,BUSUANGA
17.53.8,1st,,5th ,CAGAYANCILLO
17.53.9,1st,,1st ,CORON
17.53.10,1st,,4th ,CUYO
17.53.11,1st,,-,DUMARAN
17.53.12,1st,,1st ,EL NIDO (BACUIT)
17.53.13,1st,,-,LINAPACAN
17.53.14,1st,,5th ,MAGSAYSAY
17.53.15,2nd,,-,NARRA
17.53.16,3rd,HUC,1st ,PUERTO PRINCESA CITY (Capital)
17.53.17,2nd,,-,QUEZON
17.53.18,1st,,1st ,ROXAS
17.53.19,1st,,-,SAN VICENTE
17.53.20,1st,,-,TAYTAY
17.53.21,1st,,5th ,KALAYAAN
17.53.22,1st,,-,CULION
17.53.23,2nd,,-,RIZAL (MARCOS)
17.53.24,2nd,,-,SOFRONIO ESPAÑOLA
17.59,,,3rd ,ROMBLON
17.59.1,lone,,-,ALCANTARA
17.59.2,lone,,5th ,BANTON
17.59.3,lone,,4th ,CAJIDIOCAN
17.59.4,lone,,5th ,CALATRAVA
17.59.5,lone,,5th ,CONCEPCION
17.59.6,lone,,5th ,CORCUERA
17.59.7,lone,,4th ,LOOC
17.59.8,lone,,5th ,MAGDIWANG
17.59.9,lone,,3rd ,ODIONGAN
17.59.10,lone,,4th ,ROMBLON (Capital)
17.59.11,lone,,4th ,SAN AGUSTIN
17.59.12,lone,,5th ,SAN ANDRES
17.59.13,lone,,4th ,SAN FERNANDO
17.59.14,lone,,-,SAN JOSE
17.59.15,lone,,5th ,SANTA FE
17.59.16,lone,,5th ,FERROL
17.59.17,lone,,5th ,SANTA MARIA (IMELDA)